fecha,producto,categoria,region,unidades,precio_unitario,total
2026-01-05,Laptop,Tecnología,Norte,3,850,2550
2026-01-08,Mouse,Tecnología,Sur,20,15,300
2026-01-12,Teclado,Tecnología,Centro,12,40,480
2026-01-15,Monitor,Tecnología,Norte,5,220,1100
2026-01-18,Libreta,Papelería,Sur,50,4,200
2026-01-22,Lápices,Papelería,Centro,80,3,240
2026-01-25,Mochila,Oficina,Norte,10,35,350
2026-01-28,Silla,Oficina,Sur,4,120,480
2026-02-02,Escritorio,Oficina,Centro,2,180,360
2026-02-05,Audífonos,Tecnología,Norte,15,60,900
2026-02-08,Laptop,Tecnología,Sur,2,850,1700
2026-02-11,Mouse,Tecnología,Centro,30,15,450
2026-02-14,Teclado,Tecnología,Sur,8,40,320
2026-02-17,Monitor,Tecnología,Centro,6,220,1320
2026-02-20,Libreta,Papelería,Norte,70,4,280
2026-02-23,Lápices,Papelería,Sur,100,3,300
2026-02-26,Mochila,Oficina,Centro,7,35,245
2026-03-02,Silla,Oficina,Norte,6,120,720
2026-03-05,Escritorio,Oficina,Sur,3,180,540
2026-03-08,Audífonos,Tecnología,Centro,9,60,540
2026-03-11,Laptop,Tecnología,Centro,4,850,3400
2026-03-14,Mouse,Tecnología,Norte,25,15,375
2026-03-17,Libreta,Papelería,Centro,,4,
2026-03-20,Silla,Oficina,Centro,5,,
2026-03-23,Teclado,Tecnología,Norte,,40,